{"mse": 4512436.482079856, "mae": 1180.3881468127502, "r2": 0.7161422177436418}