{"mse": 2231730.8666020595, "mae": 890.4739922911483, "r2": 0.8596115032527321}