{"mse": 7466524.053217216, "mae": 2619.186773128905, "r2": -9640777.620052883}