{"mse": 1825912.9915253473, "mae": 858.7084697710086, "r2": 0.8851397433679632}