{"mse": 1869656.562125678, "mae": 878.6462932107883, "r2": 0.8823880253132281}