{"mse": 43443.013121861404, "mae": 199.88768125850342, "r2": -56092.634616425414}