{"mse": 0.5690247717229263, "mae": 0.5862665383250466, "r2": 0.2652750042179143}