{"mse": 5464654.915740257, "mae": 1242.959685670548, "r2": 0.656242291423154}