{"mse": 2014651.9089037266, "mae": 928.7808562990989, "r2": 0.8732669977403507}