{"mse": 137.78741175895598, "mae": 9.128664077655248, "r2": -176.91115704312065}