{"mse": 21.50391145272909, "mae": 3.59302804580046, "r2": -26.765858423994786}