{"mse": 0.5690247718017832, "mae": 0.5862665382112331, "r2": 0.2652750041160943}