{"mse": 4377858.7730705105, "mae": 1356.2481180432317, "r2": 0.7246079169667203}