{"mse": 1825912.9915252978, "mae": 858.7084697708916, "r2": 0.8851397433679663}