{"mse": 2041326.7319129112, "mae": 1345.3653909189659, "r2": -2635760.8315163134}