{"mse": 285978.45584038866, "mae": 511.4546605997054, "r2": -369254.48799026257}