{"mse": 0.6904994378109699, "mae": 0.6450779603476436, "r2": 0.1084268704206276}