{"mse": 293815.4580713999, "mae": 267.9755022379363, "r2": 0.9815173455289631}