{"mse": 0.34775581632653063, "mae": 0.4185204081632653, "r2": 0.5509775612930288}